evidence_type,supporting_references,go_term,go_term_label,association_count,method_name
IEA,GO_REF:0000002,GO:0016887,ATP hydrolysis activity,56,InterPro2GO
IEA,GO_REF:0000002,GO:0003676,nucleic acid binding,51,InterPro2GO
IEA,GO_REF:0000002,GO:0000287,magnesium ion binding,49,InterPro2GO
IEA,GO_REF:0000002,GO:0003677,DNA binding,29,InterPro2GO
IEA,GO_REF:0000002,GO:0046982,protein heterodimerization activity,28,InterPro2GO
IEA,GO_REF:0000002,GO:0140662,ATP-dependent protein folding chaperone,26,InterPro2GO
IEA,GO_REF:0000002,GO:0006351,DNA-templated transcription,25,InterPro2GO
IEA,GO_REF:0000002,GO:0000981,"DNA-binding transcription factor activity, RNA polymerase II-specific",24,InterPro2GO
IEA,GO_REF:0000002,GO:0005975,carbohydrate metabolic process,24,InterPro2GO
IEA,GO_REF:0000002,GO:0051287,NAD binding,23,InterPro2GO
IEA,GO_REF:0000002,GO:0006886,intracellular protein transport,23,InterPro2GO
IEA,GO_REF:0000002,GO:0003723,RNA binding,22,InterPro2GO
IEA,GO_REF:0000002,GO:0030170,pyridoxal phosphate binding,21,InterPro2GO
IEA,GO_REF:0000002,GO:0046983,protein dimerization activity,19,InterPro2GO
IEA,GO_REF:0000002,GO:0020037,heme binding,18,InterPro2GO
IEA,GO_REF:0000002,GO:0006412,translation,15,InterPro2GO
IEA,GO_REF:0000002,GO:0140664,ATP-dependent DNA damage sensor activity,14,InterPro2GO
IEA,GO_REF:0000002,GO:0005524,ATP binding,13,InterPro2GO
IEA,GO_REF:0000002,GO:0005509,calcium ion binding,13,InterPro2GO
IEA,GO_REF:0000002,GO:0055085,transmembrane transport,12,InterPro2GO
IEA,GO_REF:0000002,GO:0031267,small GTPase binding,11,InterPro2GO
IEA,GO_REF:0000002,GO:0000166,nucleotide binding,11,InterPro2GO
IEA,GO_REF:0000002,GO:0010181,FMN binding,11,InterPro2GO
IEA,GO_REF:0000002,GO:0050661,NADP binding,11,InterPro2GO
IEA,GO_REF:0000002,GO:0019901,protein kinase binding,11,InterPro2GO
IEA,GO_REF:0000002,GO:0016491,oxidoreductase activity,10,InterPro2GO
IEA,GO_REF:0000002,GO:0005506,iron ion binding,9,InterPro2GO
IEA,GO_REF:0000002,GO:0140359,ABC-type transporter activity,9,InterPro2GO
IEA,GO_REF:0000002,GO:0022857,transmembrane transporter activity,8,InterPro2GO
IEA,GO_REF:0000002,GO:0006355,regulation of DNA-templated transcription,8,InterPro2GO
IEA,GO_REF:0000002,GO:0007264,small GTPase-mediated signal transduction,8,InterPro2GO
IEA,GO_REF:0000002,GO:0046872,metal ion binding,8,InterPro2GO
IEA,GO_REF:0000002,GO:0051082,unfolded protein binding,8,InterPro2GO
IEA,GO_REF:0000002,GO:0050660,flavin adenine dinucleotide binding,8,InterPro2GO
IEA,GO_REF:0000002,GO:0030246,carbohydrate binding,7,InterPro2GO
IEA,GO_REF:0000002,GO:0030976,thiamine pyrophosphate binding,7,InterPro2GO
IEA,GO_REF:0000002,GO:0003684,damaged DNA binding,7,InterPro2GO
IEA,GO_REF:0000002,GO:0016579,protein deubiquitination,7,InterPro2GO
IEA,GO_REF:0000002,GO:0016592,mediator complex,7,InterPro2GO
IEA,GO_REF:0000002,GO:0030527,structural constituent of chromatin,7,InterPro2GO
IEA,GO_REF:0000002,GO:0000049,tRNA binding,6,InterPro2GO
IEA,GO_REF:0000002,GO:0002161,aminoacyl-tRNA deacylase activity,6,InterPro2GO
IEA,GO_REF:0000002,GO:0140021,mitochondrial ADP transmembrane transport,5,InterPro2GO
IEA,GO_REF:0000002,GO:0042393,histone binding,5,InterPro2GO
IEA,GO_REF:0000002,GO:0030145,manganese ion binding,5,InterPro2GO
IEA,GO_REF:0000002,GO:0031072,heat shock protein binding,5,InterPro2GO
IEA,GO_REF:0000002,GO:0006486,protein glycosylation,5,InterPro2GO
IEA,GO_REF:0000002,GO:1990544,mitochondrial ATP transmembrane transport,5,InterPro2GO
IEA,GO_REF:0000002,GO:0005198,structural molecule activity,5,InterPro2GO
IEA,GO_REF:0000002,GO:0016787,hydrolase activity,5,InterPro2GO
IEA,GO_REF:0000002,GO:0009055,electron transfer activity,5,InterPro2GO
IEA,GO_REF:0000002,GO:0071949,FAD binding,5,InterPro2GO
IEA,GO_REF:0000002,GO:0003700,DNA-binding transcription factor activity,5,InterPro2GO
IEA,GO_REF:0000002,GO:0009156,ribonucleoside monophosphate biosynthetic process,5,InterPro2GO
IEA,GO_REF:0000002,GO:0070403,NAD+ binding,5,InterPro2GO
IEA,GO_REF:0000002,GO:0003924,GTPase activity,5,InterPro2GO
IEA,GO_REF:0000002,GO:0007165,signal transduction,5,InterPro2GO
IEA,GO_REF:0000002,GO:0005536,D-glucose binding,5,InterPro2GO
IEA,GO_REF:0000002,GO:0035556,intracellular signal transduction,4,InterPro2GO
IEA,GO_REF:0000002,GO:0006414,translational elongation,4,InterPro2GO
IEA,GO_REF:0000002,GO:0004519,endonuclease activity,4,InterPro2GO
IEA,GO_REF:0000002,GO:0032012,regulation of ARF protein signal transduction,4,InterPro2GO
IEA,GO_REF:0000002,GO:0019903,protein phosphatase binding,4,InterPro2GO
IEA,GO_REF:0000002,GO:0004553,"hydrolase activity, hydrolyzing O-glycosyl compounds",4,InterPro2GO
IEA,GO_REF:0000002,GO:0042803,protein homodimerization activity,4,InterPro2GO
IEA,GO_REF:0000002,GO:0000976,transcription cis-regulatory region binding,4,InterPro2GO
IEA,GO_REF:0000002,GO:0003712,transcription coregulator activity,4,InterPro2GO
IEA,GO_REF:0000002,GO:0016020,membrane,4,InterPro2GO
IEA,GO_REF:0000002,GO:0030544,Hsp70 protein binding,4,InterPro2GO
IEA,GO_REF:0000002,GO:0006000,fructose metabolic process,4,InterPro2GO
IEA,GO_REF:0000002,GO:0008235,metalloexopeptidase activity,4,InterPro2GO
IEA,GO_REF:0000002,GO:0030983,mismatched DNA binding,4,InterPro2GO
IEA,GO_REF:0000002,GO:0005507,copper ion binding,4,InterPro2GO
IEA,GO_REF:0000002,GO:0008270,zinc ion binding,4,InterPro2GO
IEA,GO_REF:0000002,GO:0003725,double-stranded RNA binding,3,InterPro2GO
IEA,GO_REF:0000002,GO:0061817,endoplasmic reticulum-plasma membrane tethering,3,InterPro2GO
IEA,GO_REF:0000002,GO:0046854,phosphatidylinositol phosphate biosynthetic process,3,InterPro2GO
IEA,GO_REF:0000002,GO:0120029,proton export across plasma membrane,3,InterPro2GO
IEA,GO_REF:0000002,GO:0045292,"mRNA cis splicing, via spliceosome",3,InterPro2GO
IEA,GO_REF:0000002,GO:1990961,xenobiotic detoxification by transmembrane export across the plasma membrane,3,InterPro2GO
IEA,GO_REF:0000002,GO:0007023,post-chaperonin tubulin folding pathway,3,InterPro2GO
IEA,GO_REF:0000002,GO:0051726,regulation of cell cycle,3,InterPro2GO
IEA,GO_REF:0000002,GO:0004222,metalloendopeptidase activity,3,InterPro2GO
IEA,GO_REF:0000002,GO:0019674,NAD+ metabolic process,3,InterPro2GO
IEA,GO_REF:0000002,GO:0019752,carboxylic acid metabolic process,3,InterPro2GO
IEA,GO_REF:0000002,GO:0004252,serine-type endopeptidase activity,3,InterPro2GO
IEA,GO_REF:0000002,GO:0043565,sequence-specific DNA binding,3,InterPro2GO
IEA,GO_REF:0000002,GO:0005525,GTP binding,3,InterPro2GO
IEA,GO_REF:0000002,GO:0003682,chromatin binding,3,InterPro2GO
IEA,GO_REF:0000002,GO:0008271,secondary active sulfate transmembrane transporter activity,3,InterPro2GO
IEA,GO_REF:0000002,GO:0032549,ribonucleoside binding,3,InterPro2GO
IEA,GO_REF:0000002,GO:0070006,metalloaminopeptidase activity,3,InterPro2GO
IEA,GO_REF:0000002,GO:0030234,enzyme regulator activity,3,InterPro2GO
IEA,GO_REF:0000002,GO:0097367,carbohydrate derivative binding,3,InterPro2GO
IEA,GO_REF:0000002,GO:0016651,"oxidoreductase activity, acting on NAD(P)H",3,InterPro2GO
IEA,GO_REF:0000002,GO:0008017,microtubule binding,3,InterPro2GO
IEA,GO_REF:0000002,GO:0005737,cytoplasm,3,InterPro2GO
IEA,GO_REF:0000002,GO:0006108,malate metabolic process,3,InterPro2GO
IEA,GO_REF:0000002,GO:0042176,regulation of protein catabolic process,3,InterPro2GO
IEA,GO_REF:0000002,GO:0008237,metallopeptidase activity,3,InterPro2GO
IEA,GO_REF:0000002,GO:0006397,mRNA processing,3,InterPro2GO
IEA,GO_REF:0000002,GO:0030132,clathrin coat of coated pit,2,InterPro2GO
IEA,GO_REF:0000002,GO:0030955,potassium ion binding,2,InterPro2GO
IEA,GO_REF:0000002,GO:0000786,nucleosome,2,InterPro2GO
IEA,GO_REF:0000002,GO:0005876,spindle microtubule,2,InterPro2GO
IEA,GO_REF:0000002,GO:0006396,RNA processing,2,InterPro2GO
IEA,GO_REF:0000002,GO:0005801,cis-Golgi network,2,InterPro2GO
IEA,GO_REF:0000002,GO:0035348,acetyl-CoA transmembrane transport,2,InterPro2GO
IEA,GO_REF:0000002,GO:0046034,ATP metabolic process,2,InterPro2GO
IEA,GO_REF:0000002,GO:0007618,mating,2,InterPro2GO
IEA,GO_REF:0000002,GO:0015936,coenzyme A metabolic process,2,InterPro2GO
IEA,GO_REF:0000002,GO:0004843,cysteine-type deubiquitinase activity,2,InterPro2GO
IEA,GO_REF:0000002,GO:0002182,cytoplasmic translational elongation,2,InterPro2GO
IEA,GO_REF:0000002,GO:0071025,RNA surveillance,2,InterPro2GO
IEA,GO_REF:0000002,GO:0008233,peptidase activity,2,InterPro2GO
IEA,GO_REF:0000002,GO:0003697,single-stranded DNA binding,2,InterPro2GO
IEA,GO_REF:0000002,GO:0044877,protein-containing complex binding,2,InterPro2GO
IEA,GO_REF:0000002,GO:0071897,DNA biosynthetic process,2,InterPro2GO
IEA,GO_REF:0000002,GO:0005085,guanyl-nucleotide exchange factor activity,2,InterPro2GO
IEA,GO_REF:0000002,GO:0016872,intramolecular lyase activity,2,InterPro2GO
IEA,GO_REF:0000002,GO:0003824,catalytic activity,2,InterPro2GO
IEA,GO_REF:0000002,GO:0000228,nuclear chromosome,2,InterPro2GO
IEA,GO_REF:0000002,GO:0016539,intein-mediated protein splicing,2,InterPro2GO
IEA,GO_REF:0000002,GO:0016597,amino acid binding,2,InterPro2GO
IEA,GO_REF:0000002,GO:0006878,intracellular copper ion homeostasis,2,InterPro2GO
IEA,GO_REF:0000002,GO:0000978,RNA polymerase II cis-regulatory region sequence-specific DNA binding,2,InterPro2GO
IEA,GO_REF:0000002,GO:0009311,oligosaccharide metabolic process,2,InterPro2GO
IEA,GO_REF:0000002,GO:0032509,endosome transport via multivesicular body sorting pathway,2,InterPro2GO
IEA,GO_REF:0000002,GO:0007018,microtubule-based movement,2,InterPro2GO
IEA,GO_REF:0000002,GO:0005471,ATP:ADP antiporter activity,2,InterPro2GO
IEA,GO_REF:0000002,GO:0030071,regulation of mitotic metaphase/anaphase transition,2,InterPro2GO
IEA,GO_REF:0000002,GO:0017057,6-phosphogluconolactonase activity,2,InterPro2GO
IEA,GO_REF:0000002,GO:0043633,polyadenylation-dependent RNA catabolic process,2,InterPro2GO
IEA,GO_REF:0000002,GO:0015297,antiporter activity,2,InterPro2GO
IEA,GO_REF:0000002,GO:0035091,phosphatidylinositol binding,2,InterPro2GO
IEA,GO_REF:0000002,GO:0006979,response to oxidative stress,2,InterPro2GO
IEA,GO_REF:0000002,GO:0006629,lipid metabolic process,2,InterPro2GO
IEA,GO_REF:0000002,GO:0008521,acetyl-CoA transmembrane transporter activity,2,InterPro2GO
IEA,GO_REF:0000002,GO:0070481,"nuclear-transcribed mRNA catabolic process, non-stop decay",2,InterPro2GO
IEA,GO_REF:0000002,GO:0051403,stress-activated MAPK cascade,2,InterPro2GO
IEA,GO_REF:0000002,GO:0045895,"positive regulation of mating-type specific transcription, DNA-templated",2,InterPro2GO
IEA,GO_REF:0000002,GO:0008236,serine-type peptidase activity,2,InterPro2GO
IEA,GO_REF:0000002,GO:0048268,clathrin coat assembly,2,InterPro2GO
IEA,GO_REF:0000002,GO:0030130,clathrin coat of trans-Golgi network vesicle,2,InterPro2GO
IEA,GO_REF:0000002,GO:0030833,regulation of actin filament polymerization,2,InterPro2GO
IEA,GO_REF:0000002,GO:0016208,AMP binding,2,InterPro2GO
IEA,GO_REF:0000002,GO:0006888,endoplasmic reticulum to Golgi vesicle-mediated transport,2,InterPro2GO
IEA,GO_REF:0000002,GO:0016052,carbohydrate catabolic process,2,InterPro2GO
IEA,GO_REF:0000002,GO:0090522,vesicle tethering involved in exocytosis,2,InterPro2GO
IEA,GO_REF:0000002,GO:0007015,actin filament organization,2,InterPro2GO
IEA,GO_REF:0000002,GO:0004176,ATP-dependent peptidase activity,2,InterPro2GO
IEA,GO_REF:0000002,GO:0140663,ATP-dependent FeS chaperone activity,2,InterPro2GO
IEA,GO_REF:0000002,GO:0030942,endoplasmic reticulum signal peptide binding,2,InterPro2GO
IEA,GO_REF:0000002,GO:0019427,acetyl-CoA biosynthetic process from acetate,2,InterPro2GO
IEA,GO_REF:0000002,GO:0051537,"2 iron, 2 sulfur cluster binding",2,InterPro2GO
IEA,GO_REF:0000002,GO:0050334,thiaminase activity,2,InterPro2GO
IEA,GO_REF:0000002,GO:0000922,spindle pole,2,InterPro2GO
IEA,GO_REF:0000002,GO:0019594,mannitol metabolic process,2,InterPro2GO
IEA,GO_REF:0000002,GO:0019430,removal of superoxide radicals,2,InterPro2GO
IEA,GO_REF:0000002,GO:0006334,nucleosome assembly,2,InterPro2GO
IEA,GO_REF:0000002,GO:0042546,cell wall biogenesis,2,InterPro2GO
IEA,GO_REF:0000002,GO:0031124,mRNA 3'-end processing,2,InterPro2GO
IEA,GO_REF:0000002,GO:0000209,protein polyubiquitination,2,InterPro2GO
IEA,GO_REF:0000002,GO:0019825,oxygen binding,2,InterPro2GO
IEA,GO_REF:0000002,GO:0008641,ubiquitin-like modifier activating enzyme activity,2,InterPro2GO
IEA,GO_REF:0000002,GO:0016531,copper chaperone activity,2,InterPro2GO
IEA,GO_REF:0000002,GO:0008374,O-acyltransferase activity,2,InterPro2GO
IEA,GO_REF:0000002,GO:0042910,xenobiotic transmembrane transporter activity,2,InterPro2GO
IEA,GO_REF:0000002,GO:0004672,protein kinase activity,2,InterPro2GO
IEA,GO_REF:0000002,GO:0140673,transcription elongation-coupled chromatin remodeling,2,InterPro2GO
IEA,GO_REF:0000002,GO:0004525,ribonuclease III activity,2,InterPro2GO
IEA,GO_REF:0000002,GO:1990547,mitochondrial phosphate ion transmembrane transport,2,InterPro2GO
IEA,GO_REF:0000002,GO:0043175,RNA polymerase core enzyme binding,2,InterPro2GO
IEA,GO_REF:0000002,GO:0046168,glycerol-3-phosphate catabolic process,2,InterPro2GO
IEA,GO_REF:0000002,GO:0019346,transsulfuration,2,InterPro2GO
IEA,GO_REF:0000002,GO:0030908,protein splicing,2,InterPro2GO
IEA,GO_REF:0000002,GO:0019843,rRNA binding,2,InterPro2GO
IEA,GO_REF:0000002,GO:0051087,protein-folding chaperone binding,2,InterPro2GO
IEA,GO_REF:0000002,GO:0008081,phosphoric diester hydrolase activity,2,InterPro2GO
IEA,GO_REF:0000002,GO:0030041,actin filament polymerization,2,InterPro2GO
IEA,GO_REF:0000002,GO:0015035,protein-disulfide reductase activity,2,InterPro2GO
IEA,GO_REF:0000002,GO:0070401,NADP+ binding,1,InterPro2GO
IEA,GO_REF:0000002,GO:0043161,proteasome-mediated ubiquitin-dependent protein catabolic process,1,InterPro2GO
IEA,GO_REF:0000002,GO:0071266,'de novo' L-methionine biosynthetic process,1,InterPro2GO
IEA,GO_REF:0000002,GO:0140647,P450-containing electron transport chain,1,InterPro2GO
IEA,GO_REF:0000002,GO:0140588,chromatin looping,1,InterPro2GO
IEA,GO_REF:0000002,GO:0016639,"oxidoreductase activity, acting on the CH-NH2 group of donors, NAD or NADP as acceptor",1,InterPro2GO
IEA,GO_REF:0000002,GO:0000387,spliceosomal snRNP assembly,1,InterPro2GO
IEA,GO_REF:0000002,GO:0000070,mitotic sister chromatid segregation,1,InterPro2GO
IEA,GO_REF:0000002,GO:0006357,regulation of transcription by RNA polymerase II,1,InterPro2GO
IEA,GO_REF:0000002,GO:0106300,protein-DNA covalent cross-linking repair,1,InterPro2GO
IEA,GO_REF:0000002,GO:0033177,"proton-transporting two-sector ATPase complex, proton-transporting domain",1,InterPro2GO
IEA,GO_REF:0000002,GO:0009168,purine ribonucleoside monophosphate biosynthetic process,1,InterPro2GO
IEA,GO_REF:0000002,GO:0003735,structural constituent of ribosome,1,InterPro2GO
IEA,GO_REF:0000002,GO:0061575,cyclin-dependent protein serine/threonine kinase activator activity,1,InterPro2GO
IEA,GO_REF:0000002,GO:0005784,Sec61 translocon complex,1,InterPro2GO
IEA,GO_REF:0000002,GO:0031122,cytoplasmic microtubule organization,1,InterPro2GO
IEA,GO_REF:0000002,GO:0032469,endoplasmic reticulum calcium ion homeostasis,1,InterPro2GO
IEA,GO_REF:0000002,GO:0042026,protein refolding,1,InterPro2GO
IEA,GO_REF:0000002,GO:0004198,calcium-dependent cysteine-type endopeptidase activity,1,InterPro2GO
IEA,GO_REF:0000002,GO:0015079,potassium ion transmembrane transporter activity,1,InterPro2GO
IEA,GO_REF:0000002,GO:0051010,microtubule plus-end binding,1,InterPro2GO
IEA,GO_REF:0000002,GO:0006270,DNA replication initiation,1,InterPro2GO
IEA,GO_REF:0000002,GO:0046654,tetrahydrofolate biosynthetic process,1,InterPro2GO
IEA,GO_REF:0000002,GO:0000160,phosphorelay signal transduction system,1,InterPro2GO
IEA,GO_REF:0000002,GO:0008757,S-adenosylmethionine-dependent methyltransferase activity,1,InterPro2GO
IEA,GO_REF:0000002,GO:0032968,positive regulation of transcription elongation by RNA polymerase II,1,InterPro2GO
IEA,GO_REF:0000002,GO:0000262,mitochondrial chromosome,1,InterPro2GO
IEA,GO_REF:0000002,GO:0003779,actin binding,1,InterPro2GO
IEA,GO_REF:0000002,GO:0009617,response to bacterium,1,InterPro2GO
IEA,GO_REF:0000002,GO:0016652,"oxidoreductase activity, acting on NAD(P)H as acceptor",1,InterPro2GO
IEA,GO_REF:0000002,GO:0030131,clathrin adaptor complex,1,InterPro2GO
IEA,GO_REF:0000002,GO:0016192,vesicle-mediated transport,1,InterPro2GO
IEA,GO_REF:0000002,GO:0016705,"oxidoreductase activity, acting on paired donors, with incorporation or reduction of molecular oxygen",1,InterPro2GO
IEA,GO_REF:0000002,GO:0034080,CENP-A containing chromatin assembly,1,InterPro2GO
IEA,GO_REF:0000002,GO:0003743,translation initiation factor activity,1,InterPro2GO
IEA,GO_REF:0000002,GO:0005092,GDP-dissociation inhibitor activity,1,InterPro2GO
IEA,GO_REF:0000002,GO:0005732,sno(s)RNA-containing ribonucleoprotein complex,1,InterPro2GO
IEA,GO_REF:0000002,GO:0030036,actin cytoskeleton organization,1,InterPro2GO
IEA,GO_REF:0000002,GO:0019867,outer membrane,1,InterPro2GO
IEA,GO_REF:0000002,GO:0019679,"propionate metabolic process, methylcitrate cycle",1,InterPro2GO
IEA,GO_REF:0000002,GO:0010506,regulation of autophagy,1,InterPro2GO
IEA,GO_REF:0000002,GO:0006228,UTP biosynthetic process,1,InterPro2GO
IEA,GO_REF:0000002,GO:0016810,"hydrolase activity, acting on carbon-nitrogen (but not peptide) bonds",1,InterPro2GO
IEA,GO_REF:0000002,GO:0031177,phosphopantetheine binding,1,InterPro2GO
IEA,GO_REF:0000002,GO:0005780,extrinsic component of intraperoxisomal membrane,1,InterPro2GO
IEA,GO_REF:0000002,GO:0016104,triterpenoid biosynthetic process,1,InterPro2GO
IEA,GO_REF:0000002,GO:0000082,G1/S transition of mitotic cell cycle,1,InterPro2GO
IEA,GO_REF:0000002,GO:0002100,tRNA wobble adenosine to inosine editing,1,InterPro2GO
IEA,GO_REF:0000002,GO:0051259,protein complex oligomerization,1,InterPro2GO
IEA,GO_REF:0000002,GO:0051604,protein maturation,1,InterPro2GO
IEA,GO_REF:0000002,GO:0005452,solute:inorganic anion antiporter activity,1,InterPro2GO
IEA,GO_REF:0000002,GO:0180022,RQC-trigger complex,1,InterPro2GO
IEA,GO_REF:0000002,GO:0000244,spliceosomal tri-snRNP complex assembly,1,InterPro2GO
IEA,GO_REF:0000002,GO:0019888,protein phosphatase regulator activity,1,InterPro2GO
IEA,GO_REF:0000002,GO:0016746,acyltransferase activity,1,InterPro2GO
IEA,GO_REF:0000002,GO:0070966,"nuclear-transcribed mRNA catabolic process, no-go decay",1,InterPro2GO
IEA,GO_REF:0000002,GO:0061775,cohesin loader activity,1,InterPro2GO
IEA,GO_REF:0000002,GO:0030628,pre-mRNA 3'-splice site binding,1,InterPro2GO
IEA,GO_REF:0000002,GO:0031491,nucleosome binding,1,InterPro2GO
IEA,GO_REF:0000002,GO:0000128,flocculation,1,InterPro2GO
IEA,GO_REF:0000002,GO:0004848,ureidoglycolate hydrolase activity,1,InterPro2GO
IEA,GO_REF:0000002,GO:0005200,structural constituent of cytoskeleton,1,InterPro2GO
IEA,GO_REF:0000002,GO:0016884,"carbon-nitrogen ligase activity, with glutamine as amido-N-donor",1,InterPro2GO
IEA,GO_REF:0000002,GO:0004066,asparagine synthase (glutamine-hydrolyzing) activity,1,InterPro2GO
IEA,GO_REF:0000002,GO:0015739,sialic acid transport,1,InterPro2GO
IEA,GO_REF:0000002,GO:0030975,thiamine binding,1,InterPro2GO
IEA,GO_REF:0000002,GO:0031369,translation initiation factor binding,1,InterPro2GO
IEA,GO_REF:0000002,GO:0015075,monoatomic ion transmembrane transporter activity,1,InterPro2GO
IEA,GO_REF:0000002,GO:0009132,nucleoside diphosphate metabolic process,1,InterPro2GO
IEA,GO_REF:0000002,GO:0000995,RNA polymerase III general transcription initiation factor activity,1,InterPro2GO
IEA,GO_REF:0000002,GO:0043169,cation binding,1,InterPro2GO
IEA,GO_REF:0000002,GO:1990610,acetolactate synthase regulator activity,1,InterPro2GO
IEA,GO_REF:0000002,GO:0016740,transferase activity,1,InterPro2GO
IEA,GO_REF:0000002,GO:0032266,phosphatidylinositol-3-phosphate binding,1,InterPro2GO
IEA,GO_REF:0000002,GO:0140849,ATP-dependent H2AZ histone chaperone activity,1,InterPro2GO
IEA,GO_REF:0000002,GO:0006457,protein folding,1,InterPro2GO
IEA,GO_REF:0000002,GO:0033204,ribonuclease P RNA binding,1,InterPro2GO
IEA,GO_REF:0000002,GO:0008061,chitin binding,1,InterPro2GO
IEA,GO_REF:0000002,GO:0030688,"preribosome, small subunit precursor",1,InterPro2GO
IEA,GO_REF:0000002,GO:0006207,'de novo' pyrimidine nucleobase biosynthetic process,1,InterPro2GO
IEA,GO_REF:0000002,GO:0005694,chromosome,1,InterPro2GO
IEA,GO_REF:0000002,GO:0004784,superoxide dismutase activity,1,InterPro2GO
IEA,GO_REF:0000002,GO:0140053,mitochondrial gene expression,1,InterPro2GO
IEA,GO_REF:0000002,GO:0005760,gamma DNA polymerase complex,1,InterPro2GO
IEA,GO_REF:0000002,GO:0006241,CTP biosynthetic process,1,InterPro2GO
IEA,GO_REF:0000002,GO:0043743,LPPG:FO 2-phospho-L-lactate transferase activity,1,InterPro2GO
IEA,GO_REF:0000002,GO:0004451,isocitrate lyase activity,1,InterPro2GO
IEA,GO_REF:0000002,GO:0016747,"acyltransferase activity, transferring groups other than amino-acyl groups",1,InterPro2GO
IEA,GO_REF:0000002,GO:0007186,G protein-coupled receptor signaling pathway,1,InterPro2GO
IEA,GO_REF:0000002,GO:0048280,vesicle fusion with Golgi apparatus,1,InterPro2GO
IEA,GO_REF:0000002,GO:0015136,sialic acid transmembrane transporter activity,1,InterPro2GO
IEA,GO_REF:0000002,GO:0009060,aerobic respiration,1,InterPro2GO
IEA,GO_REF:0000002,GO:0031625,ubiquitin protein ligase binding,1,InterPro2GO
IEA,GO_REF:0000002,GO:0016628,"oxidoreductase activity, acting on the CH-CH group of donors, NAD or NADP as acceptor",1,InterPro2GO
IEA,GO_REF:0000002,GO:0006541,glutamine metabolic process,1,InterPro2GO
IEA,GO_REF:0000002,GO:0000151,ubiquitin ligase complex,1,InterPro2GO
IEA,GO_REF:0000002,GO:0043022,ribosome binding,1,InterPro2GO
IEA,GO_REF:0000002,GO:0045182,translation regulator activity,1,InterPro2GO
IEA,GO_REF:0000002,GO:1904680,peptide transmembrane transporter activity,1,InterPro2GO
IEA,GO_REF:0000002,GO:0042626,ATPase-coupled transmembrane transporter activity,1,InterPro2GO
IEA,GO_REF:0000002,GO:0006520,amino acid metabolic process,1,InterPro2GO
IEA,GO_REF:0000002,GO:0009316,3-isopropylmalate dehydratase complex,1,InterPro2GO
IEA,GO_REF:0000002,GO:0034599,cellular response to oxidative stress,1,InterPro2GO
IEA,GO_REF:0000002,GO:0009272,fungal-type cell wall biogenesis,1,InterPro2GO
IEA,GO_REF:0000002,GO:0047661,amino-acid racemase activity,1,InterPro2GO
IEA,GO_REF:0000002,GO:0006183,GTP biosynthetic process,1,InterPro2GO
IEA,GO_REF:0000002,GO:0004497,monooxygenase activity,1,InterPro2GO
IEA,GO_REF:0000002,GO:0045121,membrane raft,1,InterPro2GO
IEA,GO_REF:0000002,GO:0001181,RNA polymerase I general transcription initiation factor activity,1,InterPro2GO
IEA,GO_REF:0000002,GO:0001522,pseudouridine synthesis,1,InterPro2GO
IEA,GO_REF:0000002,GO:0140658,ATP-dependent chromatin remodeler activity,1,InterPro2GO
IEA,GO_REF:0000002,GO:0009231,riboflavin biosynthetic process,1,InterPro2GO
IEA,GO_REF:0000002,GO:0034508,centromere complex assembly,1,InterPro2GO
IEA,GO_REF:0000002,GO:0044571,[2Fe-2S] cluster assembly,1,InterPro2GO
IEA,GO_REF:0000002,GO:0004812,aminoacyl-tRNA ligase activity,1,InterPro2GO
IEA,GO_REF:0000002,GO:0043039,tRNA aminoacylation,1,InterPro2GO
IEA,GO_REF:0000002,GO:0042391,regulation of membrane potential,1,InterPro2GO
IEA,GO_REF:0000002,GO:0043410,positive regulation of MAPK cascade,1,InterPro2GO
IEA,GO_REF:0000002,GO:0000103,sulfate assimilation,1,InterPro2GO
IEA,GO_REF:0000002,GO:0016788,"hydrolase activity, acting on ester bonds",1,InterPro2GO
IEA,GO_REF:0000002,GO:0071230,cellular response to amino acid stimulus,1,InterPro2GO
IEA,GO_REF:0000002,GO:0009113,purine nucleobase biosynthetic process,1,InterPro2GO
IEA,GO_REF:0000002,GO:0006605,protein targeting,1,InterPro2GO
IEA,GO_REF:0000002,GO:0000027,ribosomal large subunit assembly,1,InterPro2GO
IEA,GO_REF:0000002,GO:0030276,clathrin binding,1,InterPro2GO
IEA,GO_REF:0000002,GO:0019900,kinase binding,1,InterPro2GO
IEA,GO_REF:0000002,GO:0005789,endoplasmic reticulum membrane,1,InterPro2GO
IEA,GO_REF:0000002,GO:0016818,"hydrolase activity, acting on acid anhydrides, in phosphorus-containing anhydrides",1,InterPro2GO
IEA,GO_REF:0000002,GO:0051920,peroxiredoxin activity,1,InterPro2GO
IEA,GO_REF:0000002,GO:0043130,ubiquitin binding,1,InterPro2GO
IEA,GO_REF:0000002,GO:0048244,phytanoyl-CoA dioxygenase activity,1,InterPro2GO
IEA,GO_REF:0000002,GO:0004488,methylenetetrahydrofolate dehydrogenase (NADP+) activity,1,InterPro2GO
IEA,GO_REF:0000002,GO:0016616,"oxidoreductase activity, acting on the CH-OH group of donors, NAD or NADP as acceptor",1,InterPro2GO
IEA,GO_REF:0000002,GO:0003955,NAD(P)H dehydrogenase (quinone) activity,1,InterPro2GO
IEA,GO_REF:0000002,GO:0006788,heme oxidation,1,InterPro2GO
IEA,GO_REF:0000002,GO:0001561,fatty acid alpha-oxidation,1,InterPro2GO
IEA,GO_REF:0000002,GO:0001671,ATPase activator activity,1,InterPro2GO
IEA,GO_REF:0000002,GO:0004129,cytochrome-c oxidase activity,1,InterPro2GO
IEA,GO_REF:0000002,GO:0043399,tRNA adenosine(64)-2'-O-ribosylphosphate transferase activity,1,InterPro2GO
IEA,GO_REF:0000002,GO:0035615,clathrin adaptor activity,1,InterPro2GO
IEA,GO_REF:0000002,GO:0051539,"4 iron, 4 sulfur cluster binding",1,InterPro2GO
IEA,GO_REF:0000002,GO:0006891,intra-Golgi vesicle-mediated transport,1,InterPro2GO
IEA,GO_REF:0000002,GO:0006508,proteolysis,1,InterPro2GO
IEA,GO_REF:0000002,GO:0006308,DNA catabolic process,1,InterPro2GO
IEA,GO_REF:0000002,GO:0008168,methyltransferase activity,1,InterPro2GO
IEA,GO_REF:0000002,GO:0003678,DNA helicase activity,1,InterPro2GO
IEA,GO_REF:0000002,GO:0031297,replication fork processing,1,InterPro2GO
IEA,GO_REF:0000002,GO:0004143,ATP-dependent diacylglycerol kinase activity,1,InterPro2GO
IEA,GO_REF:0000002,GO:0006361,transcription initiation at RNA polymerase I promoter,1,InterPro2GO
IEA,GO_REF:0000002,GO:0006415,translational termination,1,InterPro2GO
IEA,GO_REF:0000002,GO:0044183,protein folding chaperone,1,InterPro2GO
IEA,GO_REF:0000002,GO:0003714,transcription corepressor activity,1,InterPro2GO
IEA,GO_REF:0000002,GO:0004573,Glc3Man9GlcNAc2 oligosaccharide glucosidase activity,1,InterPro2GO
IEA,GO_REF:0000002,GO:0005199,structural constituent of cell wall,1,InterPro2GO
IEA,GO_REF:0000002,GO:0032065,maintenance of protein location in cell cortex,1,InterPro2GO
IEA,GO_REF:0000002,GO:0000272,polysaccharide catabolic process,1,InterPro2GO
IEA,GO_REF:0000002,GO:0006289,nucleotide-excision repair,1,InterPro2GO
IEA,GO_REF:0000002,GO:0006368,transcription elongation by RNA polymerase II,1,InterPro2GO
IEA,GO_REF:0000002,GO:0006654,phosphatidic acid biosynthetic process,1,InterPro2GO
IEA,GO_REF:0000002,GO:0008312,7S RNA binding,1,InterPro2GO
IEA,GO_REF:0000002,GO:0042030,ATPase inhibitor activity,1,InterPro2GO
IEA,GO_REF:0000002,GO:0006633,fatty acid biosynthetic process,1,InterPro2GO
IEA,GO_REF:0000002,GO:0060261,positive regulation of transcription initiation by RNA polymerase II,1,InterPro2GO
IEA,GO_REF:0000002,GO:0051260,protein homooligomerization,1,InterPro2GO
IEA,GO_REF:0000002,GO:0006729,tetrahydrobiopterin biosynthetic process,1,InterPro2GO
IEA,GO_REF:0000002,GO:0006511,ubiquitin-dependent protein catabolic process,1,InterPro2GO
IEA,GO_REF:0000002,GO:0009349,riboflavin synthase complex,1,InterPro2GO
IEA,GO_REF:0000002,GO:0050897,cobalt ion binding,1,InterPro2GO
IEA,GO_REF:0000002,GO:0045333,cellular respiration,1,InterPro2GO
IEA,GO_REF:0000002,GO:0051382,kinetochore assembly,1,InterPro2GO
IEA,GO_REF:0000002,GO:0003747,translation release factor activity,1,InterPro2GO
IEA,GO_REF:0000002,GO:1902975,mitotic DNA replication initiation,1,InterPro2GO
IEA,GO_REF:0000002,GO:0004767,sphingomyelin phosphodiesterase activity,1,InterPro2GO
IEA,GO_REF:0000002,GO:0030515,snoRNA binding,1,InterPro2GO
IEA,GO_REF:0000002,GO:0006820,monoatomic anion transport,1,InterPro2GO
IEA,GO_REF:0000002,GO:0006772,thiamine metabolic process,1,InterPro2GO
IEA,GO_REF:0000002,GO:0006198,cAMP catabolic process,1,InterPro2GO
IEA,GO_REF:0000002,GO:0015450,protein-transporting ATPase activity,1,InterPro2GO
IEA,GO_REF:0000002,GO:0015976,carbon utilization,1,InterPro2GO
IEA,GO_REF:0000002,GO:0017148,negative regulation of translation,1,InterPro2GO
IEA,GO_REF:0000002,GO:0006298,mismatch repair,1,InterPro2GO
IEA,GO_REF:0000002,GO:1990904,ribonucleoprotein complex,1,InterPro2GO
IEA,GO_REF:0000002,GO:0006694,steroid biosynthetic process,1,InterPro2GO
IEA,GO_REF:0000002,GO:0001919,regulation of receptor recycling,1,InterPro2GO
IEA,GO_REF:0000002,GO:0030091,protein repair,1,InterPro2GO
IEA,GO_REF:0000002,GO:0070005,cysteine-type aminopeptidase activity,1,InterPro2GO
IEA,GO_REF:0000002,GO:0035312,5'-3' DNA exonuclease activity,1,InterPro2GO
IEA,GO_REF:0000002,GO:0009966,regulation of signal transduction,1,InterPro2GO
IEA,GO_REF:0000002,GO:1990426,mitotic recombination-dependent replication fork processing,1,InterPro2GO
IEA,GO_REF:0000003,GO:0004523,RNA-DNA hybrid ribonuclease activity,46,EC2GO
IEA,GO_REF:0000003,GO:0120518,protein N-terminal-methionine acetyltransferase activity,3,EC2GO
IEA,GO_REF:0000003,GO:0003925,G protein activity,3,EC2GO
IEA,GO_REF:0000003,GO:0061630,ubiquitin protein ligase activity,3,EC2GO
IEA,GO_REF:0000003,GO:0004712,protein serine/threonine/tyrosine kinase activity,2,EC2GO
IEA,GO_REF:0000003,GO:0004402,histone acetyltransferase activity,2,EC2GO
IEA,GO_REF:0000003,GO:0003724,RNA helicase activity,2,EC2GO
IEA,GO_REF:0000003,GO:0004321,fatty-acyl-CoA synthase activity,2,EC2GO
IEA,GO_REF:0000003,GO:0015434,ABC-type cadmium transporter activity,2,EC2GO
IEA,GO_REF:0000003,GO:0004528,phosphodiesterase I activity,2,EC2GO
IEA,GO_REF:0000003,GO:0004338,"glucan exo-1,3-beta-glucosidase activity",1,EC2GO
IEA,GO_REF:0000003,GO:0103068,leukotriene C4 gamma-glutamyl transferase activity,1,EC2GO
IEA,GO_REF:0000003,GO:0004197,cysteine-type endopeptidase activity,1,EC2GO
IEA,GO_REF:0000003,GO:0050046,delta7-sterol 5(6)-desaturase activity,1,EC2GO
IEA,GO_REF:0000003,GO:0061654,NEDD8 conjugating enzyme activity,1,EC2GO
IEA,GO_REF:0000003,GO:0004021,L-alanine:2-oxoglutarate aminotransferase activity,1,EC2GO
IEA,GO_REF:0000003,GO:0003887,DNA-directed DNA polymerase activity,1,EC2GO
IEA,GO_REF:0000003,GO:0003993,acid phosphatase activity,1,EC2GO
IEA,GO_REF:0000003,GO:0004535,poly(A)-specific ribonuclease activity,1,EC2GO
IEA,GO_REF:0000003,GO:0016297,fatty acyl-[ACP] hydrolase activity,1,EC2GO
IEA,GO_REF:0000003,GO:0004708,MAP kinase kinase activity,1,EC2GO
IEA,GO_REF:0000003,GO:0033164,"initiation-specific glycolipid 1,6-alpha-mannosyltransferase activity",1,EC2GO
IEA,GO_REF:0000003,GO:0004843,cysteine-type deubiquitinase activity,1,EC2GO
IEA,GO_REF:0000003,GO:0004693,cyclin-dependent protein serine/threonine kinase activity,1,EC2GO
IEA,GO_REF:0000003,GO:0015431,ABC-type glutathione S-conjugate transporter activity,1,EC2GO
IEA,GO_REF:0000041,GO:0006486,protein glycosylation,24,UniProt UniPathway
IEA,GO_REF:0000041,GO:0016567,protein ubiquitination,16,UniProt UniPathway
IEA,GO_REF:0000041,GO:0009229,thiamine diphosphate biosynthetic process,7,UniProt UniPathway
IEA,GO_REF:0000041,GO:0006782,protoporphyrinogen IX biosynthetic process,6,UniProt UniPathway
IEA,GO_REF:0000041,GO:0044205,'de novo' UMP biosynthetic process,5,UniProt UniPathway
IEA,GO_REF:0000041,GO:0070814,hydrogen sulfide biosynthetic process,4,UniProt UniPathway
IEA,GO_REF:0000041,GO:0044206,UMP salvage,4,UniProt UniPathway
IEA,GO_REF:0000041,GO:0019509,L-methionine salvage from methylthioadenosine,4,UniProt UniPathway
IEA,GO_REF:0000041,GO:0009097,isoleucine biosynthetic process,4,UniProt UniPathway
IEA,GO_REF:0000041,GO:0016024,CDP-diacylglycerol biosynthetic process,3,UniProt UniPathway
IEA,GO_REF:0000041,GO:0009099,L-valine biosynthetic process,2,UniProt UniPathway
IEA,GO_REF:0000041,GO:0097053,L-kynurenine catabolic process,2,UniProt UniPathway
IEA,GO_REF:0000041,GO:0019563,glycerol catabolic process,2,UniProt UniPathway
IEA,GO_REF:0000041,GO:0006048,UDP-N-acetylglucosamine biosynthetic process,2,UniProt UniPathway
IEA,GO_REF:0000041,GO:0019878,lysine biosynthetic process via aminoadipic acid,2,UniProt UniPathway
IEA,GO_REF:0000041,GO:0019588,anaerobic glycerol catabolic process,2,UniProt UniPathway
IEA,GO_REF:0000041,GO:0055129,L-proline biosynthetic process,2,UniProt UniPathway
IEA,GO_REF:0000041,GO:0006068,ethanol catabolic process,2,UniProt UniPathway
IEA,GO_REF:0000041,GO:2001295,malonyl-CoA biosynthetic process,2,UniProt UniPathway
IEA,GO_REF:0000041,GO:0046654,tetrahydrofolate biosynthetic process,2,UniProt UniPathway
IEA,GO_REF:0000041,GO:0006021,inositol biosynthetic process,2,UniProt UniPathway
IEA,GO_REF:0000041,GO:0070981,L-asparagine biosynthetic process,2,UniProt UniPathway
IEA,GO_REF:0000041,GO:0033384,geranyl diphosphate biosynthetic process,2,UniProt UniPathway
IEA,GO_REF:0000041,GO:0044211,CTP salvage,2,UniProt UniPathway
IEA,GO_REF:0000041,GO:0042853,L-alanine catabolic process,2,UniProt UniPathway
IEA,GO_REF:0000041,GO:0044210,'de novo' CTP biosynthetic process,2,UniProt UniPathway
IEA,GO_REF:0000041,GO:0000955,amino acid catabolic process via Ehrlich pathway,1,UniProt UniPathway
IEA,GO_REF:0000041,GO:0097054,L-glutamate biosynthetic process,1,UniProt UniPathway
IEA,GO_REF:0000041,GO:0033512,L-lysine catabolic process to acetyl-CoA via saccharopine,1,UniProt UniPathway
IEA,GO_REF:0000041,GO:0051274,beta-glucan biosynthetic process,1,UniProt UniPathway
IEA,GO_REF:0000041,GO:0042820,vitamin B6 catabolic process,1,UniProt UniPathway
IEA,GO_REF:0000041,GO:0006646,phosphatidylethanolamine biosynthetic process,1,UniProt UniPathway
IEA,GO_REF:0000041,GO:0006235,dTTP biosynthetic process,1,UniProt UniPathway
IEA,GO_REF:0000041,GO:0048034,heme O biosynthetic process,1,UniProt UniPathway
IEA,GO_REF:0000041,GO:0006090,pyruvate metabolic process,1,UniProt UniPathway
IEA,GO_REF:0000041,GO:0045337,farnesyl diphosphate biosynthetic process,1,UniProt UniPathway
IEA,GO_REF:0000041,GO:0050992,dimethylallyl diphosphate biosynthetic process,1,UniProt UniPathway
IEA,GO_REF:0000041,GO:0046306,alkanesulfonate catabolic process,1,UniProt UniPathway
IEA,GO_REF:0000041,GO:0044209,AMP salvage,1,UniProt UniPathway
IEA,GO_REF:0000041,GO:0019569,L-arabinose catabolic process to D-xylulose 5-phosphate,1,UniProt UniPathway
IEA,GO_REF:0000041,GO:0019433,triglyceride catabolic process,1,UniProt UniPathway
IEA,GO_REF:0000043,GO:0046872,metal ion binding,225,UniProt Keywords
IEA,GO_REF:0000043,GO:0000166,nucleotide binding,208,UniProt Keywords
IEA,GO_REF:0000043,GO:0005524,ATP binding,191,UniProt Keywords
IEA,GO_REF:0000043,GO:0051301,cell division,157,UniProt Keywords
IEA,GO_REF:0000043,GO:0015031,protein transport,143,UniProt Keywords
IEA,GO_REF:0000043,GO:0003677,DNA binding,91,UniProt Keywords
IEA,GO_REF:0000043,GO:0075523,viral translational frameshifting,91,UniProt Keywords
IEA,GO_REF:0000043,GO:0098552,side of membrane,64,UniProt Keywords
IEA,GO_REF:0000043,GO:0016787,hydrolase activity,55,UniProt Keywords
IEA,GO_REF:0000043,GO:0003723,RNA binding,54,UniProt Keywords
IEA,GO_REF:0000043,GO:0005576,extracellular region,49,UniProt Keywords
IEA,GO_REF:0000043,GO:0006310,DNA recombination,47,UniProt Keywords
IEA,GO_REF:0000043,GO:0071555,cell wall organization,47,UniProt Keywords
IEA,GO_REF:0000043,GO:0032196,transposition,46,UniProt Keywords
IEA,GO_REF:0000043,GO:0030435,sporulation resulting in formation of a cellular spore,43,UniProt Keywords
IEA,GO_REF:0000043,GO:0005737,cytoplasm,43,UniProt Keywords
IEA,GO_REF:0000043,GO:0032259,methylation,42,UniProt Keywords
IEA,GO_REF:0000043,GO:0006508,proteolysis,37,UniProt Keywords
IEA,GO_REF:0000043,GO:0006397,mRNA processing,37,UniProt Keywords
IEA,GO_REF:0000043,GO:0051028,mRNA transport,31,UniProt Keywords
IEA,GO_REF:0000043,GO:0051321,meiotic cell cycle,27,UniProt Keywords
IEA,GO_REF:0000043,GO:0005874,microtubule,23,UniProt Keywords
IEA,GO_REF:0000043,GO:0006629,lipid metabolic process,20,UniProt Keywords
IEA,GO_REF:0000043,GO:0006974,DNA damage response,18,UniProt Keywords
IEA,GO_REF:0000043,GO:0008233,peptidase activity,18,UniProt Keywords
IEA,GO_REF:0000043,GO:0042254,ribosome biogenesis,17,UniProt Keywords
IEA,GO_REF:0000043,GO:0008652,amino acid biosynthetic process,17,UniProt Keywords
IEA,GO_REF:0000043,GO:0019843,rRNA binding,17,UniProt Keywords
IEA,GO_REF:0000043,GO:0006281,DNA repair,16,UniProt Keywords
IEA,GO_REF:0000043,GO:0006811,monoatomic ion transport,15,UniProt Keywords
IEA,GO_REF:0000043,GO:0004190,aspartic-type endopeptidase activity,15,UniProt Keywords
IEA,GO_REF:0000043,GO:0004386,helicase activity,14,UniProt Keywords
IEA,GO_REF:0000043,GO:0016042,lipid catabolic process,14,UniProt Keywords
IEA,GO_REF:0000043,GO:0006897,endocytosis,13,UniProt Keywords
IEA,GO_REF:0000043,GO:0006325,chromatin organization,13,UniProt Keywords
IEA,GO_REF:0000043,GO:0051539,"4 iron, 4 sulfur cluster binding",12,UniProt Keywords
IEA,GO_REF:0000043,GO:0005525,GTP binding,12,UniProt Keywords
IEA,GO_REF:0000043,GO:0019236,response to pheromone,11,UniProt Keywords
IEA,GO_REF:0000043,GO:0016491,oxidoreductase activity,11,UniProt Keywords
IEA,GO_REF:0000043,GO:0006417,regulation of translation,11,UniProt Keywords
IEA,GO_REF:0000043,GO:0006364,rRNA processing,10,UniProt Keywords
IEA,GO_REF:0000043,GO:0016740,transferase activity,10,UniProt Keywords
IEA,GO_REF:0000043,GO:0009086,methionine biosynthetic process,10,UniProt Keywords
IEA,GO_REF:0000043,GO:0051536,iron-sulfur cluster binding,10,UniProt Keywords
IEA,GO_REF:0000043,GO:0016301,kinase activity,10,UniProt Keywords
IEA,GO_REF:0000043,GO:0008360,regulation of cell shape,9,UniProt Keywords
IEA,GO_REF:0000043,GO:0000272,polysaccharide catabolic process,9,UniProt Keywords
IEA,GO_REF:0000043,GO:0015297,antiporter activity,8,UniProt Keywords
IEA,GO_REF:0000043,GO:0005096,GTPase activator activity,8,UniProt Keywords
IEA,GO_REF:0000043,GO:0005516,calmodulin binding,8,UniProt Keywords
IEA,GO_REF:0000043,GO:0006631,fatty acid metabolic process,7,UniProt Keywords
IEA,GO_REF:0000043,GO:0000049,tRNA binding,7,UniProt Keywords
IEA,GO_REF:0000043,GO:0004518,nuclease activity,7,UniProt Keywords
IEA,GO_REF:0000043,GO:0016020,membrane,7,UniProt Keywords
IEA,GO_REF:0000043,GO:0008380,RNA splicing,6,UniProt Keywords
IEA,GO_REF:0000043,GO:0052689,carboxylic ester hydrolase activity,6,UniProt Keywords
IEA,GO_REF:0000043,GO:0046686,response to cadmium ion,6,UniProt Keywords
IEA,GO_REF:0000043,GO:0046677,response to antibiotic,6,UniProt Keywords
IEA,GO_REF:0000043,GO:0006730,one-carbon metabolic process,6,UniProt Keywords
IEA,GO_REF:0000043,GO:0006260,DNA replication,6,UniProt Keywords
IEA,GO_REF:0000043,GO:0000023,maltose metabolic process,6,UniProt Keywords
IEA,GO_REF:0000043,GO:0016192,vesicle-mediated transport,6,UniProt Keywords
IEA,GO_REF:0000043,GO:0015293,symporter activity,6,UniProt Keywords
IEA,GO_REF:0000043,GO:0006099,tricarboxylic acid cycle,6,UniProt Keywords
IEA,GO_REF:0000043,GO:0000184,"nuclear-transcribed mRNA catabolic process, nonsense-mediated decay",5,UniProt Keywords
IEA,GO_REF:0000043,GO:0007059,chromosome segregation,5,UniProt Keywords
IEA,GO_REF:0000043,GO:0005977,glycogen metabolic process,5,UniProt Keywords
IEA,GO_REF:0000043,GO:0000741,karyogamy,5,UniProt Keywords
IEA,GO_REF:0000043,GO:1990904,ribonucleoprotein complex,5,UniProt Keywords
IEA,GO_REF:0000043,GO:0031410,cytoplasmic vesicle,5,UniProt Keywords
IEA,GO_REF:0000043,GO:0006887,exocytosis,5,UniProt Keywords
IEA,GO_REF:0000043,GO:0009083,branched-chain amino acid catabolic process,5,UniProt Keywords
IEA,GO_REF:0000043,GO:0003779,actin binding,5,UniProt Keywords
IEA,GO_REF:0000043,GO:0003743,translation initiation factor activity,5,UniProt Keywords
IEA,GO_REF:0000043,GO:0019344,cysteine biosynthetic process,5,UniProt Keywords
IEA,GO_REF:0000043,GO:0008237,metallopeptidase activity,5,UniProt Keywords
IEA,GO_REF:0000043,GO:0009117,nucleotide metabolic process,4,UniProt Keywords
IEA,GO_REF:0000043,GO:0006914,autophagy,4,UniProt Keywords
IEA,GO_REF:0000043,GO:0006826,iron ion transport,4,UniProt Keywords
IEA,GO_REF:0000043,GO:0016798,"hydrolase activity, acting on glycosyl bonds",4,UniProt Keywords
IEA,GO_REF:0000043,GO:0051607,defense response to virus,4,UniProt Keywords
IEA,GO_REF:0000043,GO:0016829,lyase activity,4,UniProt Keywords
IEA,GO_REF:0000043,GO:0006006,glucose metabolic process,4,UniProt Keywords
IEA,GO_REF:0000043,GO:0006097,glyoxylate cycle,4,UniProt Keywords
IEA,GO_REF:0000043,GO:0030286,dynein complex,4,UniProt Keywords
IEA,GO_REF:0000043,GO:0006665,sphingolipid metabolic process,4,UniProt Keywords
IEA,GO_REF:0000043,GO:0006525,arginine metabolic process,4,UniProt Keywords
IEA,GO_REF:0000043,GO:0006166,purine ribonucleoside salvage,4,UniProt Keywords
IEA,GO_REF:0000043,GO:0004674,protein serine/threonine kinase activity,4,UniProt Keywords
IEA,GO_REF:0000043,GO:0006144,purine nucleobase metabolic process,4,UniProt Keywords
IEA,GO_REF:0000043,GO:0009968,negative regulation of signal transduction,4,UniProt Keywords
IEA,GO_REF:0000043,GO:0004519,endonuclease activity,3,UniProt Keywords
IEA,GO_REF:0000043,GO:0046930,pore complex,3,UniProt Keywords
IEA,GO_REF:0000043,GO:0006412,translation,3,UniProt Keywords
IEA,GO_REF:0000043,GO:0004177,aminopeptidase activity,3,UniProt Keywords
IEA,GO_REF:0000043,GO:0042128,nitrate assimilation,3,UniProt Keywords
IEA,GO_REF:0000043,GO:0008061,chitin binding,3,UniProt Keywords
IEA,GO_REF:0000043,GO:0005978,glycogen biosynthetic process,3,UniProt Keywords
IEA,GO_REF:0000043,GO:0015288,porin activity,3,UniProt Keywords
IEA,GO_REF:0000043,GO:0019521,D-gluconate metabolic process,3,UniProt Keywords
IEA,GO_REF:0000043,GO:0046898,response to cycloheximide,3,UniProt Keywords
IEA,GO_REF:0000043,GO:0016853,isomerase activity,3,UniProt Keywords
IEA,GO_REF:0000043,GO:0016874,ligase activity,3,UniProt Keywords
IEA,GO_REF:0000043,GO:0000776,kinetochore,3,UniProt Keywords
IEA,GO_REF:0000043,GO:0008168,methyltransferase activity,3,UniProt Keywords
IEA,GO_REF:0000043,GO:0046656,folic acid biosynthetic process,3,UniProt Keywords
IEA,GO_REF:0000043,GO:0006816,calcium ion transport,3,UniProt Keywords
IEA,GO_REF:0000043,GO:0005783,endoplasmic reticulum,3,UniProt Keywords
IEA,GO_REF:0000043,GO:0006915,apoptotic process,3,UniProt Keywords
IEA,GO_REF:0000043,GO:0006314,intron homing,3,UniProt Keywords
IEA,GO_REF:0000043,GO:0008270,zinc ion binding,3,UniProt Keywords
IEA,GO_REF:0000043,GO:0005544,calcium-dependent phospholipid binding,2,UniProt Keywords
IEA,GO_REF:0000043,GO:0009636,response to toxic substance,2,UniProt Keywords
IEA,GO_REF:0000043,GO:0004867,serine-type endopeptidase inhibitor activity,2,UniProt Keywords
IEA,GO_REF:0000043,GO:0006694,steroid biosynthetic process,2,UniProt Keywords
IEA,GO_REF:0000043,GO:0005694,chromosome,2,UniProt Keywords
IEA,GO_REF:0000043,GO:0000502,proteasome complex,2,UniProt Keywords
IEA,GO_REF:0000043,GO:0000917,division septum assembly,2,UniProt Keywords
IEA,GO_REF:0000043,GO:0051537,"2 iron, 2 sulfur cluster binding",2,UniProt Keywords
IEA,GO_REF:0000043,GO:0006071,glycerol metabolic process,2,UniProt Keywords
IEA,GO_REF:0000043,GO:0034707,chloride channel complex,2,UniProt Keywords
IEA,GO_REF:0000043,GO:0006572,L-tyrosine catabolic process,2,UniProt Keywords
IEA,GO_REF:0000043,GO:0006633,fatty acid biosynthetic process,2,UniProt Keywords
IEA,GO_REF:0000043,GO:0009263,deoxyribonucleotide biosynthetic process,2,UniProt Keywords
IEA,GO_REF:0000043,GO:0006986,response to unfolded protein,2,UniProt Keywords
IEA,GO_REF:0000043,GO:0048038,quinone binding,2,UniProt Keywords
IEA,GO_REF:0000043,GO:0016126,sterol biosynthetic process,2,UniProt Keywords
IEA,GO_REF:0000043,GO:0005681,spliceosomal complex,2,UniProt Keywords
IEA,GO_REF:0000043,GO:0008654,phospholipid biosynthetic process,2,UniProt Keywords
IEA,GO_REF:0000043,GO:0046685,response to arsenic-containing substance,2,UniProt Keywords
IEA,GO_REF:0000043,GO:0006869,lipid transport,2,UniProt Keywords
IEA,GO_REF:0000043,GO:0006817,phosphate ion transport,2,UniProt Keywords
IEA,GO_REF:0000043,GO:0051538,"3 iron, 4 sulfur cluster binding",2,UniProt Keywords
IEA,GO_REF:0000043,GO:0007165,signal transduction,2,UniProt Keywords
IEA,GO_REF:0000043,GO:1902600,proton transmembrane transport,2,UniProt Keywords
IEA,GO_REF:0000043,GO:0015940,pantothenate biosynthetic process,2,UniProt Keywords
IEA,GO_REF:0000043,GO:0009395,phospholipid catabolic process,2,UniProt Keywords
IEA,GO_REF:0000043,GO:0000775,"chromosome, centromeric region",2,UniProt Keywords
IEA,GO_REF:0000043,GO:0006164,purine nucleotide biosynthetic process,2,UniProt Keywords
IEA,GO_REF:0000043,GO:0016746,acyltransferase activity,2,UniProt Keywords
IEA,GO_REF:0000043,GO:0003746,translation elongation factor activity,1,UniProt Keywords
IEA,GO_REF:0000043,GO:0008202,steroid metabolic process,1,UniProt Keywords
IEA,GO_REF:0000043,GO:0005905,clathrin-coated pit,1,UniProt Keywords
IEA,GO_REF:0000043,GO:0000105,L-histidine biosynthetic process,1,UniProt Keywords
IEA,GO_REF:0000043,GO:0008156,negative regulation of DNA replication,1,UniProt Keywords
IEA,GO_REF:0000043,GO:0042732,D-xylose metabolic process,1,UniProt Keywords
IEA,GO_REF:0000043,GO:0030246,carbohydrate binding,1,UniProt Keywords
IEA,GO_REF:0000043,GO:0006560,proline metabolic process,1,UniProt Keywords
IEA,GO_REF:0000043,GO:0034702,monoatomic ion channel complex,1,UniProt Keywords
IEA,GO_REF:0000043,GO:0009228,thiamine biosynthetic process,1,UniProt Keywords
IEA,GO_REF:0000043,GO:0006783,heme biosynthetic process,1,UniProt Keywords
IEA,GO_REF:0000043,GO:0004869,cysteine-type endopeptidase inhibitor activity,1,UniProt Keywords
IEA,GO_REF:0000043,GO:0016757,glycosyltransferase activity,1,UniProt Keywords
IEA,GO_REF:0000043,GO:0006559,L-phenylalanine catabolic process,1,UniProt Keywords
IEA,GO_REF:0000043,GO:0008289,lipid binding,1,UniProt Keywords
IEA,GO_REF:0000043,GO:0006032,chitin catabolic process,1,UniProt Keywords
IEA,GO_REF:0000043,GO:0008033,tRNA processing,1,UniProt Keywords
IEA,GO_REF:0000043,GO:0009085,lysine biosynthetic process,1,UniProt Keywords
IEA,GO_REF:0000043,GO:0006865,amino acid transport,1,UniProt Keywords
IEA,GO_REF:0000043,GO:0006370,7-methylguanosine mRNA capping,1,UniProt Keywords
IEA,GO_REF:0000043,GO:0009082,branched-chain amino acid biosynthetic process,1,UniProt Keywords
IEA,GO_REF:0000043,GO:0007155,cell adhesion,1,UniProt Keywords
IEA,GO_REF:0000043,GO:0005085,guanyl-nucleotide exchange factor activity,1,UniProt Keywords
IEA,GO_REF:0000043,GO:0016805,dipeptidase activity,1,UniProt Keywords
IEA,GO_REF:0000043,GO:0004713,protein tyrosine kinase activity,1,UniProt Keywords
IEA,GO_REF:0000043,GO:0019858,cytosine metabolic process,1,UniProt Keywords
IEA,GO_REF:0000043,GO:0051726,regulation of cell cycle,1,UniProt Keywords
IEA,GO_REF:0000043,GO:0008483,transaminase activity,1,UniProt Keywords
IEA,GO_REF:0000043,GO:0006094,gluconeogenesis,1,UniProt Keywords
IEA,GO_REF:0000043,GO:0008299,isoprenoid biosynthetic process,1,UniProt Keywords
IEA,GO_REF:0000043,GO:0004527,exonuclease activity,1,UniProt Keywords
IEA,GO_REF:0000043,GO:0030414,peptidase inhibitor activity,1,UniProt Keywords
IEA,GO_REF:0000043,GO:0006569,L-tryptophan catabolic process,1,UniProt Keywords
IEA,GO_REF:0000043,GO:0005840,ribosome,1,UniProt Keywords
IEA,GO_REF:0000043,GO:0006221,pyrimidine nucleotide biosynthetic process,1,UniProt Keywords
IEA,GO_REF:0000043,GO:0009098,L-leucine biosynthetic process,1,UniProt Keywords
IEA,GO_REF:0000043,GO:0051213,dioxygenase activity,1,UniProt Keywords
IEA,GO_REF:0000044,GO:0005789,endoplasmic reticulum membrane,166,UniProt Subcellular
IEA,GO_REF:0000044,GO:0000139,Golgi membrane,75,UniProt Subcellular
IEA,GO_REF:0000044,GO:0031965,nuclear membrane,55,UniProt Subcellular
IEA,GO_REF:0000044,GO:0031966,mitochondrial membrane,42,UniProt Subcellular
IEA,GO_REF:0000044,GO:0010008,endosome membrane,40,UniProt Subcellular
IEA,GO_REF:0000044,GO:0005759,mitochondrial matrix,37,UniProt Subcellular
IEA,GO_REF:0000044,GO:0005774,vacuolar membrane,36,UniProt Subcellular
IEA,GO_REF:0000044,GO:0005730,nucleolus,21,UniProt Subcellular
IEA,GO_REF:0000044,GO:0000922,spindle pole,14,UniProt Subcellular
IEA,GO_REF:0000044,GO:0034045,phagophore assembly site membrane,14,UniProt Subcellular
IEA,GO_REF:0000044,GO:0005829,cytosol,11,UniProt Subcellular
IEA,GO_REF:0000044,GO:0030659,cytoplasmic vesicle membrane,10,UniProt Subcellular
IEA,GO_REF:0000044,GO:0031902,late endosome membrane,10,UniProt Subcellular
IEA,GO_REF:0000044,GO:0005938,cell cortex,10,UniProt Subcellular
IEA,GO_REF:0000044,GO:0005654,nucleoplasm,9,UniProt Subcellular
IEA,GO_REF:0000044,GO:0048471,perinuclear region of cytoplasm,9,UniProt Subcellular
IEA,GO_REF:0000044,GO:0005934,cellular bud tip,8,UniProt Subcellular
IEA,GO_REF:0000044,GO:0030479,actin cortical patch,8,UniProt Subcellular
IEA,GO_REF:0000044,GO:0005935,cellular bud neck,7,UniProt Subcellular
IEA,GO_REF:0000044,GO:0031901,early endosome membrane,6,UniProt Subcellular
IEA,GO_REF:0000044,GO:0000932,P-body,6,UniProt Subcellular
IEA,GO_REF:0000044,GO:0012505,endomembrane system,5,UniProt Subcellular
IEA,GO_REF:0000044,GO:0012507,ER to Golgi transport vesicle membrane,5,UniProt Subcellular
IEA,GO_REF:0000044,GO:0005788,endoplasmic reticulum lumen,5,UniProt Subcellular
IEA,GO_REF:0000044,GO:0005778,peroxisomal membrane,5,UniProt Subcellular
IEA,GO_REF:0000044,GO:0005758,mitochondrial intermembrane space,4,UniProt Subcellular
IEA,GO_REF:0000044,GO:0005635,nuclear envelope,4,UniProt Subcellular
IEA,GO_REF:0000044,GO:0005782,peroxisomal matrix,4,UniProt Subcellular
IEA,GO_REF:0000044,GO:0030663,COPI-coated vesicle membrane,4,UniProt Subcellular
IEA,GO_REF:0000044,GO:0033101,cellular bud membrane,3,UniProt Subcellular
IEA,GO_REF:0000044,GO:0005816,spindle pole body,3,UniProt Subcellular
IEA,GO_REF:0000044,GO:0032585,multivesicular body membrane,3,UniProt Subcellular
IEA,GO_REF:0000044,GO:0005775,vacuolar lumen,3,UniProt Subcellular
IEA,GO_REF:0000044,GO:0005640,nuclear outer membrane,3,UniProt Subcellular
IEA,GO_REF:0000044,GO:0030665,clathrin-coated vesicle membrane,3,UniProt Subcellular
IEA,GO_REF:0000044,GO:0010494,cytoplasmic stress granule,2,UniProt Subcellular
IEA,GO_REF:0000044,GO:0045121,membrane raft,2,UniProt Subcellular
IEA,GO_REF:0000044,GO:0005628,prospore membrane,2,UniProt Subcellular
IEA,GO_REF:0000044,GO:0032580,Golgi cisterna membrane,2,UniProt Subcellular
IEA,GO_REF:0000044,GO:0030133,transport vesicle,2,UniProt Subcellular
IEA,GO_REF:0000044,GO:0005637,nuclear inner membrane,2,UniProt Subcellular
IEA,GO_REF:0000044,GO:0005796,Golgi lumen,2,UniProt Subcellular
IEA,GO_REF:0000044,GO:0031160,spore wall,2,UniProt Subcellular
IEA,GO_REF:0000044,GO:0005795,Golgi stack,2,UniProt Subcellular
IEA,GO_REF:0000044,GO:0005819,spindle,2,UniProt Subcellular
IEA,GO_REF:0000044,GO:0009986,cell surface,1,UniProt Subcellular
IEA,GO_REF:0000044,GO:0030137,COPI-coated vesicle,1,UniProt Subcellular
IEA,GO_REF:0000044,GO:0030428,cell septum,1,UniProt Subcellular
IEA,GO_REF:0000044,GO:0033110,Cvt vesicle membrane,1,UniProt Subcellular
IEA,GO_REF:0000044,GO:0033116,endoplasmic reticulum-Golgi intermediate compartment membrane,1,UniProt Subcellular
IEA,GO_REF:0000044,GO:0031982,vesicle,1,UniProt Subcellular
IEA,GO_REF:0000044,GO:0000407,phagophore assembly site,1,UniProt Subcellular
IEA,GO_REF:0000044,GO:0030658,transport vesicle membrane,1,UniProt Subcellular
IEA,GO_REF:0000044,GO:0005933,cellular bud,1,UniProt Subcellular
IEA,GO_REF:0000044,GO:0042764,ascospore-type prospore,1,UniProt Subcellular
IEA,GO_REF:0000044,GO:0051286,cell tip,1,UniProt Subcellular
IEA,GO_REF:0000044,GO:0016363,nuclear matrix,1,UniProt Subcellular
IEA,GO_REF:0000104,GO:0016282,eukaryotic 43S preinitiation complex,6,Manual Transfer
IEA,GO_REF:0000104,GO:0001732,formation of cytoplasmic translation initiation complex,5,Manual Transfer
IEA,GO_REF:0000104,GO:0033290,eukaryotic 48S preinitiation complex,5,Manual Transfer
IEA,GO_REF:0000104,GO:0031314,extrinsic component of mitochondrial inner membrane,3,Manual Transfer
IEA,GO_REF:0000104,GO:0000287,magnesium ion binding,3,Manual Transfer
IEA,GO_REF:0000104,GO:0000166,nucleotide binding,3,Manual Transfer
IEA,GO_REF:0000104,GO:0000466,"maturation of 5.8S rRNA from tricistronic rRNA transcript (SSU-rRNA, 5.8S rRNA, LSU-rRNA)",3,Manual Transfer
IEA,GO_REF:0000104,GO:0043420,anthranilate metabolic process,2,Manual Transfer
IEA,GO_REF:0000104,GO:0043021,ribonucleoprotein complex binding,2,Manual Transfer
IEA,GO_REF:0000104,GO:0050661,NADP binding,2,Manual Transfer
IEA,GO_REF:0000104,GO:0019805,quinolinate biosynthetic process,2,Manual Transfer
IEA,GO_REF:0000104,GO:0002183,cytoplasmic translational initiation,2,Manual Transfer
IEA,GO_REF:0000104,GO:0045893,positive regulation of DNA-templated transcription,1,Manual Transfer
IEA,GO_REF:0000104,GO:0051012,microtubule sliding,1,Manual Transfer
IEA,GO_REF:0000104,GO:0006172,ADP biosynthetic process,1,Manual Transfer
IEA,GO_REF:0000104,GO:0006284,base-excision repair,1,Manual Transfer
IEA,GO_REF:0000104,GO:0008198,ferrous iron binding,1,Manual Transfer
IEA,GO_REF:0000104,GO:0070039,rRNA (guanosine-2'-O-)-methyltransferase activity,1,Manual Transfer
IEA,GO_REF:0000104,GO:0034599,cellular response to oxidative stress,1,Manual Transfer
IEA,GO_REF:0000104,GO:0005506,iron ion binding,1,Manual Transfer
IEA,GO_REF:0000104,GO:0016779,nucleotidyltransferase activity,1,Manual Transfer
IEA,GO_REF:0000104,GO:0046041,ITP metabolic process,1,Manual Transfer
IEA,GO_REF:0000104,GO:0046033,AMP metabolic process,1,Manual Transfer
IEA,GO_REF:0000104,GO:0043022,ribosome binding,1,Manual Transfer
IEA,GO_REF:0000104,GO:0006569,L-tryptophan catabolic process,1,Manual Transfer
IEA,GO_REF:0000104,GO:0070143,mitochondrial alanyl-tRNA aminoacylation,1,Manual Transfer
IEA,GO_REF:0000104,GO:1904047,S-adenosyl-L-methionine binding,1,Manual Transfer
IEA,GO_REF:0000104,GO:0070407,oxidation-dependent protein catabolic process,1,Manual Transfer
IEA,GO_REF:0000104,GO:0016151,nickel cation binding,1,Manual Transfer
IEA,GO_REF:0000104,GO:0016540,protein autoprocessing,1,Manual Transfer
IEA,GO_REF:0000104,GO:0046039,GTP metabolic process,1,Manual Transfer
IEA,GO_REF:0000104,GO:0005739,mitochondrion,1,Manual Transfer
IEA,GO_REF:0000104,GO:0043565,sequence-specific DNA binding,1,Manual Transfer
IEA,GO_REF:0000104,GO:0032543,mitochondrial translation,1,Manual Transfer
IEA,GO_REF:0000104,GO:0007005,mitochondrion organization,1,Manual Transfer
IEA,GO_REF:0000104,GO:0016192,vesicle-mediated transport,1,Manual Transfer
IEA,GO_REF:0000104,GO:0005795,Golgi stack,1,Manual Transfer
IEA,GO_REF:0000104,GO:0000387,spliceosomal snRNP assembly,1,Manual Transfer
IEA,GO_REF:0000104,GO:0016279,protein-lysine N-methyltransferase activity,1,Manual Transfer
IEA,GO_REF:0000104,GO:0000463,"maturation of LSU-rRNA from tricistronic rRNA transcript (SSU-rRNA, 5.8S rRNA, LSU-rRNA)",1,Manual Transfer
IEA,GO_REF:0000104,GO:0030619,U1 snRNA binding,1,Manual Transfer
IEA,GO_REF:0000104,GO:0043023,ribosomal large subunit binding,1,Manual Transfer
IEA,GO_REF:0000104,GO:0003713,transcription coactivator activity,1,Manual Transfer
IEA,GO_REF:0000104,GO:0046034,ATP metabolic process,1,Manual Transfer
IEA,GO_REF:0000104,GO:0003677,DNA binding,1,Manual Transfer
IEA,GO_REF:0000104,GO:0051880,G-quadruplex DNA binding,1,Manual Transfer
IEA,GO_REF:0000104,GO:0034354,'de novo' NAD+ biosynthetic process from L-tryptophan,1,Manual Transfer
IEA,GO_REF:0000104,GO:0045040,protein insertion into mitochondrial outer membrane,1,Manual Transfer
IEA,GO_REF:0000108,GO:0005829,cytosol,90,Logical Inference
IEA,GO_REF:0000108,GO:0000781,"chromosome, telomeric region",58,Logical Inference
IEA,GO_REF:0000108,GO:0005773,vacuole,12,Logical Inference
IEA,GO_REF:0000108,GO:0016020,membrane,6,Logical Inference
IEA,GO_REF:0000108,GO:0005739,mitochondrion,5,Logical Inference
IEA,GO_REF:0000108,GO:0005634,nucleus,3,Logical Inference
IEA,GO_REF:0000108,GO:0000139,Golgi membrane,3,Logical Inference
IEA,GO_REF:0000108,GO:0005737,cytoplasm,2,Logical Inference
IEA,GO_REF:0000108,GO:0006457,protein folding,1,Logical Inference
IEA,GO_REF:0000108,GO:0005938,cell cortex,1,Logical Inference
IEA,GO_REF:0000108,GO:0044322,endoplasmic reticulum quality control compartment,1,Logical Inference
IEA,GO_REF:0000108,GO:0005783,endoplasmic reticulum,1,Logical Inference
IEA,GO_REF:0000108,GO:0010008,endosome membrane,1,Logical Inference
IEA,GO_REF:0000115,GO:0030533,triplet codon-amino acid adaptor activity,21,Rfam
IEA,GO_REF:0000115,GO:0005840,ribosome,4,Rfam
IEA,GO_REF:0000115,GO:0003735,structural constituent of ribosome,4,Rfam
IEA,GO_REF:0000115,GO:0000244,spliceosomal tri-snRNP complex assembly,4,Rfam
IEA,GO_REF:0000115,GO:0006617,"SRP-dependent cotranslational protein targeting to membrane, signal sequence recognition",2,Rfam
IEA,GO_REF:0000115,GO:0006396,RNA processing,2,Rfam
IEA,GO_REF:0000115,GO:0045131,pre-mRNA branch point binding,1,Rfam
IEA,GO_REF:0000115,GO:0000348,mRNA branch site recognition,1,Rfam
IEA,GO_REF:0000115,GO:0017070,U6 snRNA binding,1,Rfam
IEA,GO_REF:0000115,GO:0005730,nucleolus,1,Rfam
IEA,GO_REF:0000115,GO:0030621,U4 snRNA binding,1,Rfam
IEA,GO_REF:0000115,GO:0005687,U4 snRNP,1,Rfam
IEA,GO_REF:0000116,GO:0106310,protein serine kinase activity,120,Rhea Mappings
IEA,GO_REF:0000116,GO:0016887,ATP hydrolysis activity,63,Rhea Mappings
IEA,GO_REF:0000116,GO:0004713,protein tyrosine kinase activity,4,Rhea Mappings
IEA,GO_REF:0000116,GO:0090556,phosphatidylserine floppase activity,4,Rhea Mappings
IEA,GO_REF:0000116,GO:0106414,mRNA dihydrouridine synthase activity,4,Rhea Mappings
IEA,GO_REF:0000116,GO:0120542,ethanol dehydrogenase (NAD+) activity,4,Rhea Mappings
IEA,GO_REF:0000116,GO:0140088,acetaldehyde dehydrogenase (NADP+) activity,3,Rhea Mappings
IEA,GO_REF:0000116,GO:0090554,phosphatidylcholine floppase activity,3,Rhea Mappings
IEA,GO_REF:0000116,GO:1990362,butanol dehydrogenase (NAD+) activity,3,Rhea Mappings
IEA,GO_REF:0000116,GO:0106032,snRNA pseudouridine synthase activity,3,Rhea Mappings
IEA,GO_REF:0000116,GO:0052675,3-methylbutanal reductase (NADPH) activity,3,Rhea Mappings
IEA,GO_REF:0000116,GO:0052656,L-isoleucine-2-oxoglutarate transaminase activity,2,Rhea Mappings
IEA,GO_REF:0000116,GO:0102244,3-aminopropanal dehydrogenase (NAD+) activity,2,Rhea Mappings
IEA,GO_REF:0000116,GO:0004359,glutaminase activity,2,Rhea Mappings
IEA,GO_REF:0000116,GO:0106262,1-acylglycerophosphoethanolamine O-acyltransferase activity,2,Rhea Mappings
IEA,GO_REF:0000116,GO:0010326,methionine-oxo-acid transaminase activity,2,Rhea Mappings
IEA,GO_REF:0000116,GO:0140818,mRNA 5'-triphosphate monophosphatase activity,2,Rhea Mappings
IEA,GO_REF:0000116,GO:0141192,ATP:ATP adenylyltransferase activity,2,Rhea Mappings
IEA,GO_REF:0000116,GO:0106313,methylenetetrahydrofolate reductase (NADPH) activity,2,Rhea Mappings
IEA,GO_REF:0000116,GO:0052655,L-valine-2-oxoglutarate transaminase activity,2,Rhea Mappings
IEA,GO_REF:0000116,GO:0061627,S-methylmethionine-homocysteine S-methyltransferase activity,2,Rhea Mappings
IEA,GO_REF:0000116,GO:0052873,FMN reductase (NADPH) activity,2,Rhea Mappings
IEA,GO_REF:0000116,GO:0052654,L-leucine-2-oxoglutarate transaminase activity,2,Rhea Mappings
IEA,GO_REF:0000116,GO:0043771,cytidine kinase activity,2,Rhea Mappings
IEA,GO_REF:0000116,GO:0045551,cinnamyl-alcohol dehydrogenase activity,2,Rhea Mappings
IEA,GO_REF:0000116,GO:0043136,sn-glycerol 3-phosphatase activity,2,Rhea Mappings
IEA,GO_REF:0000116,GO:0070780,dihydrosphingosine-1-phosphate phosphatase activity,2,Rhea Mappings
IEA,GO_REF:0000116,GO:0052642,lysophosphatidic acid phosphatase activity,2,Rhea Mappings
IEA,GO_REF:0000116,GO:0103026,fructose-1-phosphatase activity,1,Rhea Mappings
IEA,GO_REF:0000116,GO:0120537,3-demethylubiquinone 3-O-methyltransferase activity,1,Rhea Mappings
IEA,GO_REF:0000116,GO:0004833,"tryptophan 2,3-dioxygenase activity",1,Rhea Mappings
IEA,GO_REF:0000116,GO:0052901,spermine oxidase activity,1,Rhea Mappings
IEA,GO_REF:0000116,GO:0106271,D-arabinose 1-dehydrogenase (NADP+) activity,1,Rhea Mappings
IEA,GO_REF:0000116,GO:0110153,RNA NAD-cap (NMN-forming) hydrolase activity,1,Rhea Mappings
IEA,GO_REF:0000116,GO:0106026,Gly-tRNA(Ala) deacylase activity,1,Rhea Mappings
IEA,GO_REF:0000116,GO:0052848,"inositol-3,5-bisdiphosphate-2,3,4,6-tetrakisphosphate 5-diphosphatase activity",1,Rhea Mappings
IEA,GO_REF:0000116,GO:0050406,[acetyl-CoA carboxylase]-phosphatase activity,1,Rhea Mappings
IEA,GO_REF:0000116,GO:0052897,"N8-acetylspermidine:oxygen oxidoreductase (propane-1,3-diamine-forming) activity",1,Rhea Mappings
IEA,GO_REF:0000116,GO:0008948,oxaloacetate decarboxylase activity,1,Rhea Mappings
IEA,GO_REF:0000116,GO:0004087,carbamoyl-phosphate synthase (ammonia) activity,1,Rhea Mappings
IEA,GO_REF:0000116,GO:0051750,"delta(3,5)-delta(2,4)-dienoyl-CoA isomerase activity",1,Rhea Mappings
IEA,GO_REF:0000116,GO:0004124,cysteine synthase activity,1,Rhea Mappings
IEA,GO_REF:0000116,GO:0008465,hydroxypyruvate reductase (NADH) activity,1,Rhea Mappings
IEA,GO_REF:0000116,GO:0042054,histone methyltransferase activity,1,Rhea Mappings
IEA,GO_REF:0000116,GO:0106359,2-hydroxyacyl-CoA lyase activity,1,Rhea Mappings
IEA,GO_REF:0000116,GO:0106226,peptide 2-hydroxyisobutyryltransferase activity,1,Rhea Mappings
IEA,GO_REF:0000116,GO:0120509,hydroxypyruvate reductase (NADPH) activity,1,Rhea Mappings
IEA,GO_REF:0000116,GO:0097023,fructose 6-phosphate aldolase activity,1,Rhea Mappings
IEA,GO_REF:0000116,GO:0160224,3-demethoxyubiquinone 3-hydroxylase (NADH) activity,1,Rhea Mappings
IEA,GO_REF:0000116,GO:0052874,FMN reductase (NADH) activity,1,Rhea Mappings
IEA,GO_REF:0000116,GO:0106321,S-(hydroxymethyl)glutathione dehydrogenase (NADP+) activity,1,Rhea Mappings
IEA,GO_REF:0000116,GO:0000832,inositol hexakisphosphate 5-kinase activity,1,Rhea Mappings
IEA,GO_REF:0000116,GO:0080007,S-nitrosoglutathione reductase (NADH) activity,1,Rhea Mappings
IEA,GO_REF:0000116,GO:0047816,D-arabinose 1-dehydrogenase (NAD+) activity,1,Rhea Mappings
IEA,GO_REF:0000116,GO:0046934,"1-phosphatidylinositol-4,5-bisphosphate 3-kinase activity",1,Rhea Mappings
IEA,GO_REF:0000116,GO:0052657,guanine phosphoribosyltransferase activity,1,Rhea Mappings
IEA,GO_REF:0000116,GO:0106263,1-acylglycerophosphoserine O-acyltransferase activity,1,Rhea Mappings
IEA,GO_REF:0000116,GO:0106322,S-(hydroxymethyl)glutathione dehydrogenase (NAD+) activity,1,Rhea Mappings
IEA,GO_REF:0000116,GO:0106029,tRNA pseudouridine synthase activity,1,Rhea Mappings
IEA,GO_REF:0000116,GO:0036218,dTTP diphosphatase activity,1,Rhea Mappings
IEA,GO_REF:0000116,GO:0106386,(3R)-3-hydroxyacyl-CoA dehydrogenase (NAD+) activity,1,Rhea Mappings
IEA,GO_REF:0000116,GO:0047655,allyl-alcohol dehydrogenase activity,1,Rhea Mappings
IEA,GO_REF:0000116,GO:0004552,octanol dehydrogenase (NAD+) activity,1,Rhea Mappings
IEA,GO_REF:0000116,GO:0102391,decanoate-CoA ligase activity,1,Rhea Mappings
IEA,GO_REF:0000116,GO:0008551,P-type cadmium transporter activity,1,Rhea Mappings
IEA,GO_REF:0000116,GO:0000810,diacylglycerol diphosphate phosphatase activity,1,Rhea Mappings
IEA,GO_REF:0000116,GO:0120521,4-hydroxysphinganine ceramide fatty acyl 2-hydroxylase activity,1,Rhea Mappings
IEA,GO_REF:0000116,GO:0047395,glycerophosphoinositol glycerophosphodiesterase activity,1,Rhea Mappings
IEA,GO_REF:0000116,GO:0052903,N(1)-acetylpolyamine oxidase (3-acetamidopropanal-forming) activity,1,Rhea Mappings
IEA,GO_REF:0000116,GO:0036243,succinate-semialdehyde dehydrogenase (NADP+) activity,1,Rhea Mappings
IEA,GO_REF:0000116,GO:0036221,UTP diphosphatase activity,1,Rhea Mappings
IEA,GO_REF:0000116,GO:0032896,palmitoyl-CoA 9-desaturase activity,1,Rhea Mappings
IEA,GO_REF:0000116,GO:0106378,2-hydroxy-dATP hydrolase activity,1,Rhea Mappings
IEA,GO_REF:0000116,GO:0106312,methylenetetrahydrofolate reductase (NADH) activity,1,Rhea Mappings
IEA,GO_REF:0000116,GO:0110152,RNA NAD+-cap (NAD+-forming) hydrolase activity,1,Rhea Mappings
IEA,GO_REF:0000116,GO:0008999,protein-N-terminal-alanine acetyltransferase activity,1,Rhea Mappings
IEA,GO_REF:0000116,GO:0097748,3'-5' RNA polymerase activity,1,Rhea Mappings
IEA,GO_REF:0000117,GO:0031298,replication fork protection complex,8,ARBA
IEA,GO_REF:0000117,GO:0000722,telomere maintenance via recombination,6,ARBA
IEA,GO_REF:0000117,GO:0005739,mitochondrion,2,ARBA
IEA,GO_REF:0000117,GO:0009272,fungal-type cell wall biogenesis,1,ARBA
IEA,GO_REF:0000117,GO:0102306,benzil reductase [(S)-benzoin-forming] activity,1,ARBA
IEA,GO_REF:0000117,GO:0072657,protein localization to membrane,1,ARBA
IEA,GO_REF:0000117,GO:0016791,phosphatase activity,1,ARBA
IEA,GO_REF:0000117,GO:0003824,catalytic activity,1,ARBA
IEA,GO_REF:0000117,GO:0001181,RNA polymerase I general transcription initiation factor activity,1,ARBA
IEA,GO_REF:0000117,GO:0009277,fungal-type cell wall,1,ARBA
IEA,GO_REF:0000117,GO:0005048,signal sequence binding,1,ARBA
IEA,GO_REF:0000117,GO:0006626,protein targeting to mitochondrion,1,ARBA
IEA,GO_REF:0000117,GO:0061025,membrane fusion,1,ARBA
IEA,GO_REF:0000117,GO:0000785,chromatin,1,ARBA
IEA,GO_REF:0000117,GO:0008104,intracellular protein localization,1,ARBA
IEA,GO_REF:0000117,GO:0030435,sporulation resulting in formation of a cellular spore,1,ARBA
IEA,GO_REF:0000117,GO:0141124,intracellular signaling cassette,1,ARBA
IEA,GO_REF:0000117,GO:0016192,vesicle-mediated transport,1,ARBA
IEA,GO_REF:0000117,GO:0001216,DNA-binding transcription activator activity,1,ARBA
IEA,GO_REF:0000117,GO:0016836,hydro-lyase activity,1,ARBA
